Workbook

Sheet Base_Case_Group3
A1: Symbol | B1: Value | C1: Unit | D1: Description | E1: edit values in yellow, not the other ones
A2: Tsource-in | B2: 125 | C2: °C | D2: Temperature of the geothermal fluid from the production wells | E2: Group3: avg production T at t=100yr (FEFLOW result, see breakthrough curve F3)
A3: Tsource-out | B3: 50 | C3: °C | D3: Reinjection temperature (generally 50-80°C, limited by silica scaling risk)
A4: Tcond-in | B4: 14 | C4: °C | D4: Outdoor dry bulb temperature (annual mean, Volterra/Pomarance area, near Larderello)
A5: Tcond-out | B5: =B4+12 -> 26 | C5: °C | D5: Outlet temperature in the air condenser (generally, 12-15°C higher than Tcond-in)
A6: LMTsource | B6: =(B2-B3)/LN((273.15+B2)/(273.15+B3))-273.15 -> 86.196495 | C6: °C | D6: Log-mean temperature at source side
A7: LMTair | B7: =(B5-B4)/LN((273.15+B5)/(273.15+B4))-273.15 -> 19.959061 | C7: °C | D7: Log-mean temperature at condenser side
A8: etaLorentz | B8: =1-(273.15+B7)/(273.15+B6) -> 0.18432748 | C8: - | D8: Gross electrical efficiency of the ORC turbine - maximum theoretical value after Lorentz
A9: etaCarnot | B9: =1-(273.15+B4)/(273.15+B2) -> 0.2787894 | C9: - | D9: Gross electrical efficiency of the ORC turbine - maximum theoretical value after Carnot
A10: etaORC/etaLorentz | B10: 0.52 | D10: % of the Lorentz efficiency achieved by the turbine - net value excluding own consumption
A11: etaORC | B11: =B10*B8 -> 0.09585029 | D11: Net electrical efficiency of the ORC turbine
A12: cP fluid | B12: 4.31 | C12: kJ/kg/K | D12: Specific heat of the geothermal fluid (assume water values if you do not know)
A13: density fluid | B13: 0.917 | C13: kg/l | D13: Density of the geothermal fluid (assume water values if you do not know)
A14: volumetric flow rate | B14: 150 | C14: l/s | D14: Volumetric (l/s) and mass (kg/s) flow rate of the geothermal fluid (Group3: 5 x 30 l/s)
A15: mass flow rate | B15: =B14*B13 -> 137.55 | C15: kg/s
A16: Pth-source | B16: =B15*B12*(B2-B3) -> 44463.037 | C16: kW | D16: Thermal power extracted from the reservoir
A17: Pel | B17: =B16*B11 -> 4261.795 | C17: kW | D17: Electrical power of the ORC turbine
A18: LF | B18: 8000 | C18: h/a | D18: Load factor of the ORC turbine
A19: Prod-el-year | B19: =B17*B18/1000 -> 34094.36 | C19: MWh/a | D19: Electrical production per year
A20: days of the month | B20: 31
A21: Prod-el-month | B21: =B17*B20*24/1000 -> 3170.7755 | C21: MWh/month | D21: Electrical production per month

Sheet Monthly_Production
A1: Monthly electrical production — Group 3 (source: Base_Case_Group3 sheet, Tsource fixed)
A3: Outdoor temperature source: Volterra / Pomarance climate normals (near Larderello), climate-data.org, 1991-2021 avg.
A5: Availability factor (from Base_Case LF / 8760 h) | H5: =Base_Case_Group3!B18/8760 -> 0.91324201
A7: Month | B7: Days | C7: T_outdoor avg [°C] | D7: Tcond-out [°C] | E7: LMTair [°C] | F7: eta_Lorentz [-] | G7: eta_ORC [-] | H7: Pel [kW] | I7: Prod-el-month [MWh]
A8: January | B8: 31 | C8: 5 | D8: =C8+12 -> 17 | E8: =(D8-C8)/LN((273.15+D8)/(273.15+C8))-273.15 -> 10.957764 | F8: =1-(273.15+E8)/(273.15+Base_Case_Group3!$B$6) -> 0.20937655 | G8: =Base_Case_Group3!$B$10*F8 -> 0.10887581 | H8: =Base_Case_Group3!$B$16*G8 -> 4840.9492 | I8: =H8*B8*24/1000*$H$5 -> 3289.1928
A9: February | B9: 28 | C9: 5.7 | D9: =C9+12 -> 17.7 | E9: =(D9-C9)/LN((273.15+D9)/(273.15+C9))-273.15 -> 11.657868 | F9: =1-(273.15+E9)/(273.15+Base_Case_Group3!$B$6) -> 0.20742829 | G9: =Base_Case_Group3!$B$10*F9 -> 0.10786271 | H9: =Base_Case_Group3!$B$16*G9 -> 4795.9036 | I9: =H9*B9*24/1000*$H$5 -> 2943.2395
A10: March | B10: 31 | C10: 9 | D10: =C10+12 -> 21 | E10: =(D10-C10)/LN((273.15+D10)/(273.15+C10))-273.15 -> 14.95835 | F10: =1-(273.15+E10)/(273.15+Base_Case_Group3!$B$6) -> 0.1982436 | G10: =Base_Case_Group3!$B$10*F10 -> 0.10308667 | H10: =Base_Case_Group3!$B$16*G10 -> 4583.5467 | I10: =H10*B10*24/1000*$H$5 -> 3114.3002
A11: April | B11: 30 | C11: 12.5 | D11: =C11+12 -> 24.5 | E11: =(D11-C11)/LN((273.15+D11)/(273.15+C11))-273.15 -> 18.45885 | F11: =1-(273.15+E11)/(273.15+Base_Case_Group3!$B$6) -> 0.18850231 | G11: =Base_Case_Group3!$B$10*F11 -> 0.098021202 | H11: =Base_Case_Group3!$B$16*G11 -> 4358.3204 | I11: =H11*B11*24/1000*$H$5 -> 2865.7449
A12: May | B12: 31 | C12: 16.5 | D12: =C12+12 -> 28.5 | E12: =(D12-C12)/LN((273.15+D12)/(273.15+C12))-273.15 -> 22.459407 | F12: =1-(273.15+E12)/(273.15+Base_Case_Group3!$B$6) -> 0.17736944 | G12: =Base_Case_Group3!$B$10*F12 -> 0.092232111 | H12: =Base_Case_Group3!$B$16*G12 -> 4100.9198 | I12: =H12*B12*24/1000*$H$5 -> 2786.3784
A13: June | B13: 30 | C13: 21 | D13: =C13+12 -> 33 | E13: =(D13-C13)/LN((273.15+D13)/(273.15+C13))-273.15 -> 26.960016 | F13: =1-(273.15+E13)/(273.15+Base_Case_Group3!$B$6) -> 0.16484502 | G13: =Base_Case_Group3!$B$10*F13 -> 0.085719409 | H13: =Base_Case_Group3!$B$16*G13 -> 3811.3453 | I13: =H13*B13*24/1000*$H$5 -> 2506.0901
A14: July | B14: 31 | C14: 23.7 | D14: =C14+12 -> 35.7 | E14: =(D14-C14)/LN((273.15+D14)/(273.15+C14))-273.15 -> 29.660372 | F14: =1-(273.15+E14)/(273.15+Base_Case_Group3!$B$6) -> 0.15733039 | G14: =Base_Case_Group3!$B$10*F14 -> 0.0818118 | H14: =Base_Case_Group3!$B$16*G14 -> 3637.6011 | I14: =H14*B14*24/1000*$H$5 -> 2471.5756
A15: August | B15: 31 | C15: 23.7 | D15: =C15+12 -> 35.7 | E15: =(D15-C15)/LN((273.15+D15)/(273.15+C15))-273.15 -> 29.660372 | F15: =1-(273.15+E15)/(273.15+Base_Case_Group3!$B$6) -> 0.15733039 | G15: =Base_Case_Group3!$B$10*F15 -> 0.0818118 | H15: =Base_Case_Group3!$B$16*G15 -> 3637.6011 | I15: =H15*B15*24/1000*$H$5 -> 2471.5756
A16: September | B16: 30 | C16: 19.2 | D16: =C16+12 -> 31.2 | E16: =(D16-C16)/LN((273.15+D16)/(273.15+C16))-273.15 -> 25.159774 | F16: =1-(273.15+E16)/(273.15+Base_Case_Group3!$B$6) -> 0.16985478 | G16: =Base_Case_Group3!$B$10*F16 -> 0.088324486 | H16: =Base_Case_Group3!$B$16*G16 -> 3927.1749 | I16: =H16*B16*24/1000*$H$5 -> 2582.252
A17: October | B17: 31 | C17: 15 | D17: =C17+12 -> 27 | E17: =(D17-C17)/LN((273.15+D17)/(273.15+C17))-273.15 -> 20.9592 | F17: =1-(273.15+E17)/(273.15+Base_Case_Group3!$B$6) -> 0.18154426 | G17: =Base_Case_Group3!$B$10*F17 -> 0.094403017 | H17: =Base_Case_Group3!$B$16*G17 -> 4197.4449 | I17: =H17*B17*24/1000*$H$5 -> 2851.9626
A18: November | B18: 30 | C18: 10.2 | D18: =C18+12 -> 22.2 | E18: =(D18-C18)/LN((273.15+D18)/(273.15+C18))-273.15 -> 16.158523 | F18: =1-(273.15+E18)/(273.15+Base_Case_Group3!$B$6) -> 0.19490373 | G18: =Base_Case_Group3!$B$10*F18 -> 0.10134994 | H18: =Base_Case_Group3!$B$16*G18 -> 4506.3261 | I18: =H18*B18*24/1000*$H$5 -> 2963.0638
A19: December | B19: 31 | C19: 6.1 | D19: =C19+12 -> 18.1 | E19: =(D19-C19)/LN((273.15+D19)/(273.15+C19))-273.15 -> 12.057927 | F19: =1-(273.15+E19)/(273.15+Base_Case_Group3!$B$6) -> 0.20631499 | G19: =Base_Case_Group3!$B$10*F19 -> 0.10728379 | H19: =Base_Case_Group3!$B$16*G19 -> 4770.1634 | I19: =H19*B19*24/1000*$H$5 -> 3241.0973
A20: Notes: | I20: =SUM(I8:I19) -> 34086.473
A21: - Tsource-in, Tsource-out, cP, density, flow rate taken from Base_Case_Group3 sheet (fixed, do not vary seasonally in this model).
A22: - Availability factor applies the same total operating hours (LF, cell B18 in Base_Case) as the annual estimate, distributed pro-rata by days/month.
A23: - Yellow cells (T_outdoor avg) are editable; replace with your own monthly climate data source if desired.
